English,Noongar,Category
above,yira,Descriptive Concepts
acacia tree,koonart,Plants & Trees
accurate,medjil,Descriptive Concepts
achilles tendon,mirl,Body Parts
acknowledging,ana,Actions & Verbs
across,kardu werta,Grammar structural words
adorn,kanangoor,Actions & Verbs
afraid (of someone),wuyaminy,States & Qualities
after,ngolangu,Grammar structural words
ahead,koodjookat,Grammar structural words
aim (to miss),wilyan,Actions & Verbs
aiming,weyaniny,Actions & Verbs
also,kidji,Grammar structural words
always,kalyagool,Abstract Concepts
and,kidji,Grammar structural words
angry,karang,States & Qualities
angry (becoming),karangubiny,States & Qualities
animal (stray),barna,Animals
ankle (inside),balkart,Body Parts
ankle (outside),darnt,Body Parts
ant,bidit,Animals
ant (black stinging),kardaburtak,Animals
ant (little red stinging),kaany,Animals
ant (meat ant),minyit,Animals
ant (small black argentine),boodjiny,Animals
anthill (termite),widjet,Animals
anus,kwan,Body Parts
anyhow,koordoin,Descriptive Concepts
armpit,ngauly,Body Parts
ashamed,koonanginy,States & Qualities
assault,baladjin,Actions & Verbs
attention here,ni,Grammar structural words
aunty,kongk,People & Family
aunty (father's sister),mawin yok,People & Family
awake,biyou,States & Qualities
away,boukart yen,Descriptive Concepts
axe (small),koitj,Objects & Tools
baby sun,mawuit,Cultural & Social Concepts
back,moordin,Body Parts
back (part of),moorlany,Body Parts
back lumbar region,bookarl,Body Parts
back passage,narn,Body Parts
back to,woonoona,Body Parts
backside,koon,Body Parts
bad,wara,Descriptive Concepts
bad spirit,boodjiny,Cultural & Social Concepts
bandicoot,kwendu,Animals
banksia ,mang,Plants & Trees
barn owl call,kaa,Birds
bark,boorn,Plants & Trees
barter,bangalangu,Actions & Verbs
bat,babitj,Animals
beak,dji,Birds
beard,djowiny,Body Parts
beautiful,kwobiduk,Descriptive Concepts
beer ,kawoon,Food & Drink
before,koora,Grammar structural words
becoming keen on someone,djoorabiny,Actions & Verbs
behind,koorlboorli,Descriptive Concepts
belly,koboorl,Body Parts
belt,djoorlib,Objects & Tools
berry,mol,Plants & Trees
beyond,moonboorli,Descriptive Concepts
big,koomba,Descriptive Concepts
bird,djerap,Birds
bite,baakan,Actions & Verbs
bite/hurt,bada mandon,Actions & Verbs
bitter,koon,Descriptive Concepts
black,balatj,Descriptive Concepts
blackboy,balak,Plants & Trees
blackboy (with red gum),bila,Plants & Trees
blackboy forest,djaril-muri,Plants & Trees
black cockatoo,manatj,Birds
black duck,ngwonan,Birds
black feather,karak,Birds
black lizard,yoornti,Animals
black night,moonawooliny,Nature & Landforms
black snake,noorn,Animals
blind,dwankaboort,States & Qualities
blood,ngop,Body Parts
blow,booyi,Actions & Verbs
blow fly,noordoo,Animals
bobtail,yoorn,Animals
body odour,kiblyang,Body Parts
bone,djoorla,Body Parts
bony,koodji,States & Qualities
boomerang,karli,Objects & Tools
boss,birdiya,People & Family
bounding,barlanginy,Actions & Verbs
boy,koorlangka,People & Family
brain,doorndak,Body Parts
branch,boorn,Plants & Trees
bread,djeri,Food & Drink
bream (fish),djilba,Animals
breast,bibi,Body Parts
breath,koort,Actions & Verbs
brief,dji,Descriptive Concepts
brother,ngooon,People & Family
brother-in-law,ngooldja,People & Family
bull ant,kirlar,Animals
bull-rush,yandjet,Plants & Trees
bum,kwan,Body Parts
burn,karl,Actions & Verbs
bush,djaril-muri,Plants & Trees
buttock,bay,Body Parts
calf muscle,booda,Body Parts
camp,karlak,Buildings & Places
campfire,karl,Buildings & Places
car,kaditj-kaditj,Objects & Tools
carpet snake,wakarl,Animals
carrot,koordiny,Plants & Trees
carry bag,kooda-kooda,Objects & Tools
carrying dish,mirkoorn,Objects & Tools
cataract,bambala,Body Parts
catapillar,ngana,Animals
catle,boolok,Animals
cave,doomboon,Buildings & Places
charcoal,kob,Objects & Tools
chase,moordalang,Actions & Verbs
chatting,wangkiny,Actions & Verbs
cheek,kalyat,Body Parts
cherry,djiyak,Food & Drink
chest,ngoornt,Body Parts
child,koorlangka,People & Family
child (eldest),borang,People & Family
child (second eldest),mardidjt,People & Family
child (smalest),koobidja,People & Family
childish,nop noogar,People & Family
children,nobaratj,People & Family
chin,yat,Body Parts
cigarette,ngamari,Objects & Tools
clever,dookatj,Descriptive Concepts
climb,djandang,Actions & Verbs
cloak,booka,Objects & Tools
close to,dookaniny,Actions & Verbs
cloud,koondart,Nature & Landforms
cloud (smoke),wombar,Nature & Landforms
club,wadi,Objects & Tools
coat,bwoka,Objects & Tools
coat (kangaroo skin),booka,Objects & Tools
cobbler (fish),nyola,Animals
cockatoo (white tail),ngoolyanak,Birds
cockatoo (black),ngoorlak,Birds
cockatoo (red tail),yiibi,Birds
cockatoos ,ngoolyanaks,Birds
cold,nyidiny,Descriptive Concepts
come,yoowalkoorl,Actions & Verbs
comical,koobar,States & Qualities
coming down,werdiny,Actions & Verbs
contiually ,kalyogool,States & Qualities
cook,dookern,Food & Drink
cooroboree,midar,Cultural & Social Concepts
cough,koolboo,Actions & Verbs
country,boodjera,Buildings & Places
cousin (brother),ngoorden,People & Family
cousin (sister),deman,People & Family
cow,boolok,Animals
coward,wayarn,People & Family
crawling,barniny,Actions & Verbs
crayfish,marron,Animals
creek,birl,Buildings & Places
creep,ngardoong,Actions & Verbs
crow,wardang,Birds
cry,ngay,Actions & Verbs
cuckoo,waaly,Birds
cure,malkarak,Actions & Verbs
curlew,werloo,Birds
cut,born,Actions & Verbs
damp,balyan,States & Qualities
dance,kakarook,Actions & Verbs
dandelions,djrp,Plants & Trees
dark,doodja,Descriptive Concepts
dark times,moordang,Descriptive Concepts
darling ranges,katamordo,Nature & Landforms
daughter,yoka,People & Family
dawn,djidar,Nature & Landforms
day,kedalu,Nature & Landforms
daylight,ben,Nature & Landforms
dead,nootj,States & Qualities
deaf,dwankaboort,States & Qualities
deceitful,koolymoot,Actions & Verbs
desires woman,bandji,Actions & Verbs
desires opposite sex,mardong,Actions & Verbs
devil,djanak,Cultural & Social Concepts
devil bird,nyoorlan,Cultural & Social Concepts
diarrhoea,boolyaka,Body Parts
dig,berniny,Actions & Verbs
digging stick,wangkiny,Objects & Tools
digging stick (woman's),warna,Objects & Tools
dingo,mokiny,Animals
dirty,madily,Descriptive Concepts
disbelief,nyiyarn wooniny,Abstract Concepts
do,warniny,Actions & Verbs
do magic,moorook,Actions & Verbs
doctor,dookoorniny,People & Family
dog,dwert,Animals
done,doniny,Actions & Verbs
door,karlak,Objects & Tools
dough,merindjook,Food & Drink
down,ngarda,Grammar structural words
dream,koondam,Abstract Concepts
drink,gab,Food & Drink
dry,djool,States & Qualities
ducks,yerderap,Birds
dumb,djaraboort,States & Qualities
dust,dooka,Nature & Landforms
dwarf,mamari,Descriptive Concepts
dwelling place,kornt,Buildings & Places
eagle,waalitj,Birds
eagle hawk,yelka,Birds
ear,dwank,Body Parts
earth,boodjera,Nature & Landforms
east,boyal,Nature & Landforms
eat,djoriny,Actions & Verbs
echidna,nyingarn,Animals
edible root,koowin,Plants & Trees
egg,ngambo,Food & Drink
elbow,ngoyoor,Body Parts
elder brother,ngoont,People & Family
embarassed,koorantj,States & Qualities
emphasis,woorliny,Abstract Concepts
empty,wirt,States & Qualities
emu,waitj,Birds
enchantment,merrik,States & Qualities
entering,djarbiny,Actions & Verbs
escape,kwibidji,Actions & Verbs
eucalyptus,balyoongar,Plants & Trees
evil spirit,djanak,Cultural & Social Concepts
exchange,bangalanga,Actions & Verbs
exclaim,keoorawoorliny,Actions & Verbs
excrement,koomp,Body Parts
eye,mial,Body Parts
eyebrow,mimboorn,Body Parts
eye lash,miyal djowiny,Body Parts
face,moolymari,Body Parts
fair,djarat,Descriptive Concepts
fall,djabalariny,Actions & Verbs
fat,djeroong,States & Qualities
father,maaman,People & Family
fear,koonang,Descriptive Concepts
feather,ngaly,Birds
feet,djoowak,Body Parts
fibber,djaawara,Descriptive Concepts
fight,bakagjoo,Actions & Verbs
finger,maarak,Body Parts
fingernail,biri,Body Parts
fire,karla,Nature & Landforms
fire smoke,karl boyi,Nature & Landforms
fire stick,karlmarta,Objects & Tools
firewood,karl boorn,Objects & Tools
firm,balgja,Descriptive Concepts
fish,djildjit,Animals
fishtail,bila,Animals
flame,djaaliny,Nature & Landforms
flat curved throwing weapon ,kayili,Objects & Tools
flathead (fish),nolka,Animals
flee,bardang,Actions & Verbs
flies,nort,Animals
flight of boomerang,wili,Objects & Tools
flint spear,djimburl,Objects & Tools
flour,djari,Food & Drink
flower,djet,Plants & Trees
fly,minga,Actions & Verbs
fog,dooly,Nature & Landforms
following,dalanginy,Actions & Verbs
food,mereny,Food & Drink
foot,djen,Body Parts
forehead,barp,Body Parts
forrest,djarilmari,Plants & Trees
forever,kalyogool,Descriptive Concepts
frightend,kwetiny,States & Qualities
frog,kooyar,Animals
from,koorliny,Grammar structural words
front,koodjookat,Descriptive Concepts
frost,koorbon,Nature & Landforms
full,moorart,Descriptive Concepts
full stomach,kobiirl doonyitj,Body Parts
fungus,noomar,Plants & Trees
funny,koobar,States & Qualities
fur coat,bwok,Objects & Tools
gamble,boya warbiny,Actions & Verbs
garfish,yelin,Animals
gecko,bibdjool,Animals
generation (previous & future),djoowak,People & Family
generation(same),birninykoo,People & Family
gently,beddik-beddik,Actions & Verbs
get,barang,Actions & Verbs
ghost,balyit,Cultural & Social Concepts
giant,gjimba,Descriptive Concepts
girl,koorlangka,People & Family
give,nginy,Actions & Verbs
go,koorliny,Actions & Verbs
goanna,yongki,Animals
good,kwobiduk,Descriptive Concepts
good spirit,djin-djin,Cultural & Social Concepts
grain,kwolak,Food & Drink
grandmother,manyoowa,People & Family
grandparent,moyran,People & Family
grass,djirang,Plants & Trees
grasshopper,djidily,Animals
greasy,djeroong,States & Qualities
greedy,ngambali,States & Qualities
green tree,wongin,Plants & Trees
grey,djendal,Descriptive Concepts
grey haired,djendalak,Body Parts
ground,boodjera,Nature & Landforms
group,mart,Cultural & Social Concepts
guilt,woolgar,Abstract Concepts
guilty,woolgaradak,States & Qualities
gully,birl,Nature & Landforms
gum,min,Body Parts
gumtree (red),koorden,Plants & Trees
gumtree,ngarnt,Plants & Trees
gun,widjibandi,Objects & Tools
guts,koboorl,Body Parts
hair,djowiny,Body Parts
hammer,katj,Objects & Tools
hand,mara,Body Parts
handsome,djeroong,States & Qualities
hang,wariny,Actions & Verbs
happy,djerap-djerap,States & Qualities
he,baal,People & Family
head,kaat,Body Parts
heal,koort,Actions & Verbs
hear,kadadjiny,Actions & Verbs
heart,koort,Body Parts
heartbeat,koort dook-nginy,Descriptive Concepts
heartland,koortaboodjar,Nature & Landforms
heart of the sun,doodja,Nature & Landforms
heavy,moordarn,Descriptive Concepts
heel,mon,Body Parts
here,yimniny,Grammar structural words
hill,kard,Nature & Landforms
hip,koolgi,Body Parts
his,balap,Grammar structural words
hit,baaminy,Actions & Verbs
hole,doomboon,Nature & Landforms
home,karlil,Buildings & Places
honey,gngook,Food & Drink
hopping,barlanginy,Actions & Verbs
horizon,moombaki,Nature & Landforms
horse,ngort,Animals
hot,karlang,Descriptive Concepts
house,maya,Buildings & Places
huge,wooboolyoong,States & Qualities
hungry,koboorl wirt,Descriptive Concepts
hunting,ngardanginy,Actions & Verbs
hurry,kayirbida,Actions & Verbs
hurt,bakan,Actions & Verbs
hut,miya,Buildings & Places
husband,korda,People & Family
I,nganya,People & Family
in,bworan,Grammar structural words
inform,boorda warang,Actions & Verbs
insect,noordoo,Animals
inside,bwora,Grammar structural words
intensive,mert,States & Qualities
intercourse,moony,Actions & Verbs
intestine,barak,Body Parts
island,koordaboodjor,Nature & Landforms
itch,kardidja,Actions & Verbs
jam tree,mangart,Plants & Trees
jarrah,djraly,Plants & Trees
jaw,yet,Body Parts
jealous,mirn,States & Qualities
joey,nyarnyi,Animals
joint,kooldji,Body Parts
joking,awoon,Actions & Verbs
kangaroo,yongka,Animals
kangaroo skin,bwok,Animals
keeping,kanyiny,Actions & Verbs
kidney,djoorp,Body Parts
kill,wananng,Actions & Verbs
kiss,nindyan,Actions & Verbs
knee,boonitj,Body Parts
knife,darp,Objects & Tools
know,katij,Actions & Verbs
kookaburra,kaa-kaa,Birds
lacking,norti,Actions & Verbs
lake,bilya,Nature & Landforms
land,boodjera,Nature & Landforms
laugh,kooka,Actions & Verbs
leaf,boorn,Plants & Trees
left,bangal,Descriptive Concepts
leg,maat,Body Parts
liar,djaa wara,Descriptive Concepts
lice,kool,Animals
lie,kwilya,Actions & Verbs
light,ben,Descriptive Concepts
lightning,babangwin,Nature & Landforms
like,mookiny,Actions & Verbs
limestone,djidong,Nature & Landforms
lip,djaa,Body Parts
liquid,djopooly-djopooly,Descriptive Concepts
liquor,keba,Food & Drink
listen,kadadjiny,Actions & Verbs
little,nyit,States & Qualities
live,biyoo,Actions & Verbs
liver,mayar,Body Parts
lizard,yorndi,Animals
lonely,dombart,Descriptive Concepts
long,korad,Descriptive Concepts
look,djinang,Actions & Verbs
lots,boola,Cultural & Social Concepts
lower back,bookal,Body Parts
love,koort,Abstract Concepts
lungs,walyan,Body Parts
lying down,ngoorndiny,Actions & Verbs
mad,kaat wara,States & Qualities
maggots,boodjark,Animals
magic,madjitil,Abstract Concepts
magic man,moorook,Cultural & Social Concepts
magic stone,molbar,Cultural & Social Concepts
magpie,koolbardi,Birds
make,warniny,Actions & Verbs
mallee (red),birdidjit,Plants & Trees
mallee (white),dordtij,Plants & Trees
mallee fowl,ngawoo,Birds
mallee nut,madalkarang,Plants & Trees
mallee root,koodjat,Plants & Trees
mallee tree,moori,Plants & Trees
man,noongar,People & Family
man (important),warda kadak,People & Family
man (immoral),bandjiman,People & Family
mane,djowiny,Animals
many,boola,Descriptive Concepts
me,nganya,People & Family
meat,daadja,Food & Drink
medicine,koorin,Objects & Tools
medicine man,kabup,People & Family
men,yokal,People & Family
message stick,boornoo wangkiny,Objects & Tools
meteor,binar,Nature & Landforms
mine,ngan,Grammar structural words
mischievous,woordadji,Cultural & Social Concepts
missing,norti,Actions & Verbs
mist,koolyir,Nature & Landforms
misty rain,dooly,Nature & Landforms
mixing,wirdanginy,Actions & Verbs
moment,dji,Abstract Concepts
money,boorndoong,Objects & Tools
moon,dirdong,Nature & Landforms
moonlight,mikang,Nature & Landforms
mopoke,nyawoo-nyawoo,Birds
morning,bina,Descriptive Concepts
moth,bindi-bindi,Animals
mother,ngangk,People & Family
mountain,kard,Nature & Landforms
mouth,djaa,Body Parts
mud,boodjera,Nature & Landforms
mudlark,diliboort,Birds
mullet,kaikada,Animals
naked,balak,Descriptive Concepts
narrow,nooloo,Descriptive Concepts
navel,bily,Body Parts
name,boorn,Abstract Concepts
near,bardook,Descriptive Concepts
neck,boororo,Body Parts
night,kedalak,Descriptive Concepts
night hawk,nyoorlam,Birds
night owl,yaartj,Birds
nightbird,nyoolang,Birds
nipple,mimi,Body Parts
no,yoowart,Grammar structural words
nose,moly,Body Parts
not,yoowart,Grammar structural words
nothing,kiny,Descriptive Concepts
now,yeyi,Grammar structural words
ochre,mardaa,Nature & Landforms
old man,mandjang,People & Family
old woman,kabarli,People & Family
old times,kwetyan,Cultural & Social Concepts
one,keny,Descriptive Concepts
our,ngala,Grammar structural words
only,djel,Grammar structural words
orphan,barnap,People & Family
outdoors,bandak,Nature & Landforms
outwards,may-may,Cultural & Social Concepts
over,arn,Grammar structural words
owl (barn),yoowintj,Birds
owl (brown),wiroo,Birds
owl (tawny frogmouth),djoowi,Birds
pain,bookarl,Descriptive Concepts
palate (mouth),koonyang,Body Parts
paper,bibool,Objects & Tools
parakeet,kawart,Birds
parched,koolbardi,States & Qualities
parrot,kaawar,Birds
pass wind,borp,Actions & Verbs
path,bidi,Buildings & Places
patient,banjard,States & Qualities
pelvis,kwilk,Body Parts
penis,mert,Body Parts
people,moort,People & Family
person,yokal,People & Family
perspiration,koornkar,Body Parts
phlegm,wandjberi,Body Parts
pig,dordok,Animals
pigeon,boorndoong,Birds
pinching,benanginy,Actions & Verbs
pitiful,nyomditj,States & Qualities
place,boodjera,Buildings & Places
plant,boorn,Plants & Trees
play cards,warbiny,Objects & Tools
plenty,boola,Cultural & Social Concepts
plover,dirl-dirl,Birds
poison,djanak,Objects & Tools
poking,baranginy,Actions & Verbs
police,yodila,People & Family
pool,manang,Buildings & Places
porpoise,kwilena,Animals
possum,koomool,Animals
potato,yoork,Food & Drink
pouch,djarlboo,Objects & Tools
pouring,djaranginy,Actions & Verbs
prawns,yala,Animals
pregnant,boodjari,States & Qualities
pretty,koobidak,States & Qualities
prickle bush,moonditj,Plants & Trees
pulling,djookooriny,Actions & Verbs
puppy,dwert kooniny,Animals
pursue,balang,Actions & Verbs
pus,koont,Body Parts
quandong,kwonding,Plants & Trees
quick,kert-kert,Descriptive Concepts
quiet,bidik-bidik,Descriptive Concepts
rabbit bandicoot,djalkat,Animals
rain,boroong,Nature & Landforms
rainbow,walken,Nature & Landforms
rat,bankot,Animals
red,birdidjit,Descriptive Concepts
red gum,mari,Plants & Trees
red kangaroo,marloo,Animals
reflect,katitj,Actions & Verbs
relatives,ngoongoolong,People & Family
return,korl,Actions & Verbs
ribcage,koong,Body Parts
rib,ngootitj,Body Parts
river,bilya,Nature & Landforms
road,bidi,Buildings & Places
rock,boya,Nature & Landforms
roll-over,bilang,Actions & Verbs
rope,madji,Objects & Tools
run,bardang,Actions & Verbs
running water,kebitj,Nature & Landforms
saliva,dely,Body Parts
sad,koorlongka,Descriptive Concepts
sand,boodjera,Nature & Landforms
sand plain,kwongkan,Nature & Landforms
sap,mayal,Plants & Trees
satisfied,moorart,States & Qualities
scabs,djiri,Body Parts
scorpion,nindjaliny,Animals
scratching,benanginy,Actions & Verbs
scrawny neck,ngarnak kwetj,Body Parts
scream,wangadan,Actions & Verbs
sea,wardarn,Nature & Landforms
sea water,mambakoort,Nature & Landforms
search,wardiny,Actions & Verbs
see,djinang,Actions & Verbs
set,wiriny,Actions & Verbs
shade,malo,Nature & Landforms
shadow,maliji,Descriptive Concepts
shake,boongoorang,Actions & Verbs
shame,djoo,Abstract Concepts
shark,kwila,Animals
she,baal,People & Family
sheep,kookendjeri,Animals
shelter,kwont,Buildings & Places
sheoak,kwel,Plants & Trees
shield,woonta,Objects & Tools
shin,maat,Body Parts
shining,kanangoor,Descriptive Concepts
shoe,djen booka,Objects & Tools
short,korad,Descriptive Concepts
shoulder,koongat,Body Parts
shy,koolmir,States & Qualities
sick,menditj,States & Qualities
sinew,birit,Body Parts
sing,warangka,Actions & Verbs
sister,djookanka,People & Family
sit,nyin,Actions & Verbs
skin,maap,Body Parts
skink,yoolart,Animals
sky,worl,Nature & Landforms
sleep,nookat,Actions & Verbs
small,koobidja,Descriptive Concepts
smell,dwangk,Actions & Verbs
smoke,koorl,Nature & Landforms
snake,moyoop,Animals
snake (spirit),wakarl,Cultural & Social Concepts
snapper,yolka,Animals
some,boola,Descriptive Concepts
song,ngank,Cultural & Social Concepts
soon,boodawan,Cultural & Social Concepts
sore ,bookarl,States & Qualities
sorrowful,winyan,States & Qualities
sorry,nyorn,States & Qualities
soul,kadjan,Abstract Concepts
sound,moorna,Abstract Concepts
sour,djool,Descriptive Concepts
south,boongarl,Descriptive Concepts
south-west tribe,bibolman,People & Family
speak,wangkiny,Actions & Verbs
spear,ketj,Objects & Tools
spider,kar,Animals
spirit,djanak,Cultural & Social Concepts
spirit snake,walkoo,Cultural & Social Concepts
spit,daaly,Actions & Verbs
spouse,koort,People & Family
springtime,dirdong,Cultural & Social Concepts
squirt,birbin,Actions & Verbs
stand,yoogoo,Actions & Verbs
star,djinda,Nature & Landforms
stare,woondoon,Descriptive Concepts
stick,boornoo,Objects & Tools
stink,noort,Descriptive Concepts
stomach,koboorl,Body Parts
stone,boya,Nature & Landforms
stone axe,kwetji,Objects & Tools
stop,ngnop,Actions & Verbs
stranger,wam,People & Family
stray animal,barna,Animals
strong,moordjiti,Descriptive Concepts
stump,yinar,Plants & Trees
sulking,moolyoobiny,Actions & Verbs
sun,ngangk,Nature & Landforms
sunrise,ngngk barloonginy,Nature & Landforms
sunset,ngngk wirdiny,Nature & Landforms
swallow,nganow,Birds
swamp country,moyootj,Buildings & Places
swan,maali,Birds
sweat,kibilyang,Body Parts
sweet,kalari,Food & Drink
sweetheart,koorda mart,Abstract Concepts
swiftly,kert-kert,Actions & Verbs
swimming,djabooly-djabooly,Actions & Verbs
swing,wily wily,Actions & Verbs
tail,bila,Animals
tail bone,nirnt,Body Parts
talk,wangkiny,Actions & Verbs
tea leaf,mangk,Plants & Trees
teeth,ngorlak,Body Parts
test,djorany kariny,Actions & Verbs
testicles,yortj,Body Parts
that,aliny,Grammar structural words
theirs,baalabiny,Grammar structural words
them / us,balang,Grammar structural words
there,ali,Grammar structural words
there (sitting),nyininy,Grammar structural words
they,ngaluk,Grammar structural words
they all,yanga,Grammar structural words
thicket,maalak,Cultural & Social Concepts
thigh,yatj,Body Parts
thin,kardidi,Descriptive Concepts
thinking,kaadaniny,Actions & Verbs
this time,dji-dji,Grammar structural words
this one,nyiny,Grammar structural words
this way,nyidjan,Grammar structural words
this,nyiya,Grammar structural words
thoughtful,kaat-dook,Descriptive Concepts
three or more,moo,Cultural & Social Concepts
throat,wort,Body Parts
throwing,koordidjiny,Actions & Verbs
throwing stick,dowak,Objects & Tools
thumb,ngangka,Body Parts
thunder,koondam,Nature & Landforms
tiger snake,nornt,Animals
tie,yooniny,Actions & Verbs
tobacco,boolkoo,Objects & Tools
toenails,ngamari,Body Parts
tomorrow,benang,Cultural & Social Concepts
too,kidji,Grammar structural words
tooth,ngorlak,Body Parts
torch,kalamarta,Objects & Tools
tortoise,booyi,Animals
touch,bal,Actions & Verbs
totem,baranga,Cultural & Social Concepts
towards,baloong,Grammar structural words
track,djooroot,Actions & Verbs
travel,koorliny,Actions & Verbs
tree,boorn,Plants & Trees
truth,karni,Abstract Concepts
try,djoony-djoony,Actions & Verbs
two,koodjal,Cultural & Social Concepts
tying,yoondiny,Actions & Verbs
unable,weyar,Descriptive Concepts
uncle,kongk,People & Family
underarm,ngaly,Body Parts
understanding,kadjininy,Actions & Verbs
uneven,dardoon,Descriptive Concepts
unknown,maaloop,Descriptive Concepts
unmarried girl,boongarn,People & Family
untrue,kata-kata,Descriptive Concepts
unhappy,djoordidj,Descriptive Concepts
up,yira,Grammar structural words
urine,koomp,Body Parts
useless,mookiyang,Descriptive Concepts
vagina,dert,Body Parts
valley,boyal,Nature & Landforms
vegetable,boorondoong,Food & Drink
very,kalkada,Grammar structural words
victorious,balatj,States & Qualities
wait,kwidi,Actions & Verbs
walk,yabera,Actions & Verbs
wallaby,bunya,Animals
want,djanboort,Descriptive Concepts
water,kapi,Food & Drink
water rat,moytj,Animals
water snake,madjitil,Animals
waterfall,kep-boroong,Nature & Landforms
wattlebird,dongkarak,Birds
way,mart,Descriptive Concepts
we,yowa,People & Family
wear,nyininy,Actions & Verbs
weak,wirt,Descriptive Concepts
weapon,boordoon,Objects & Tools
west,yirel,Descriptive Concepts
wet,balyan,Actions & Verbs
what,ngany,Grammar structural words
where,naatj,Grammar structural words
who,yungar,Grammar structural words
whirlwind,mono,Nature & Landforms
whiskey,wadjan kep,Food & Drink
whistle,wirn,Actions & Verbs
who,ngiyan,Grammar structural words
why,naatj,Grammar structural words
wicked,mial,States & Qualities
wild,maalkakoom,Descriptive Concepts
willy wagtail,djitti-djitti,Birds
wine,kawoon,Food & Drink
wing,yanging,Birds
winter,morka,Descriptive Concepts
woe,wardy,States & Qualities
woman,yoka,People & Family
wood,boorn,Plants & Trees
womb,doomboo,Body Parts
wrist,kwoliny,Body Parts
yes,kaya,Grammar structural words
yoke,nadjing,Objects & Tools
you,nganga,People & Family
you two,ngang-koodjal,People & Family
yours,nyoonak,Grammar structural words
youth,koorlong-mandi,People & Family